Reference,Year,Authors,Journal/Venue,Topic Category,Sensor Used,Hardware Platform,Study Location,Study Duration,Dataset Source,ML Methods Used,Key Metrics Reported,Best Result,Relevance to Thesis,Gap Addressed,How to Cite in Thesis,Novelty Flag,Notes
"Wardana et al. 2023",2023,"Wardana, Fahmy, Gardner (Univ. Warwick / KAUST)","IEEE Sensors Letters",TinyML,"CO2 (SCD41), temp, humidity, solar","Raspberry Pi Pico W (RP2040)","Bali, Indonesia","3 months (Jul–Oct 2022)","Direct field measurement (13080 rows at 10-min intervals)","2D CNN predictor + denoising autoencoder imputer; TFLite; post-training quantization","R², model size (bytes), quantization % reduction","R²>0.70 for AQ prediction; imputer effective below 80% missing rate; 47–57% size reduction via quantization",High,"TinyML deployment on RP2040 for AQ prediction; missing data imputation on-device","Primary TinyML deployment reference — cite for model architecture, quantization strategy, and RP2040 deployment","★ Directly comparable hardware (RP2040)","Uses RP2040 same as your Pico target; no AQI classification (only regression); no ESP32 comparison"
"Ouimette et al. 2024",2024,"Ouimette, Arnott, Laven et al. (Colorado State / Univ. Nevada)","Aerosol Science and Technology",Sensor Evaluation,PMS5003,"PurpleAir housing + CFD model","USA (lab + field)","N/A (lab study)","Controlled lab aerosol experiments","Physics-based optical model; CFD simulation; photodiode analysis","Counting efficiency, size attribution, aspiration efficiency vs wind speed","~99% of particles miss laser beam; sensor is imperfect OPC not nephelometer; humidity causes overestimation",High,"Fundamental physics of PMS5003 — why raw readings are biased","Cite to explain why humidity correction is physically necessary and why PMS5003 overestimates PM2.5","★ Deepest technical paper on your exact sensor","Must-cite for Chapter 2 sensor section; explains root cause of humidity error you plan to correct"
"Sayahi et al. 2019",2019,"Sayahi, Butterfield, Kelly (Univ. Utah)","Environmental Pollution",Sensor Evaluation,"PMS1003, PMS5003","Co-located with TEOM FEM + FRM gravimetric","Salt Lake City, Utah USA","320 days (Jan 2016 – Oct 2017)","Field co-location against reference FEM","Linear regression for calibration; R²; NormRMSE; seasonal bias analysis","R², NormRMSE, LOD, seasonal bias ratio","PMS5003: R²>0.87; overestimates PM2.5; LOD quantified; performance drops in cold inversion events",High,"Longest published field evaluation of PMS5003; seasonal performance variation","Cite to justify PMS5003 selection and document known accuracy limitations across seasons","★ Longest field eval of your exact sensor (320 days)","Key reference for your sensor selection justification; shows inversion events (similar to Kathmandu winter) are problematic"
"Aix, Schmitz, Bicout 2023",2023,"Aix, Schmitz, Bicout (Univ. Grenoble Alpes / RIFS Potsdam)","Science of The Total Environment",Calibration,PMS7003,"Urban monitoring station (co-located)","Grenoble, France","Not specified","Urban ambient air co-located with reference","MLR + Random Forest Regression; dust event preprocessing; outlier removal; RMSE/NRMSE","R², RMSE, NRMSE per pollutant size fraction","PM2.5: R²=0.92 RMSE=0.70 µg/m³ with RFR; dust removal improves R² by 11%; RH+temp needed as predictors",High,"Standardized calibration protocol for Plantower sensors; dust event handling","Cite for calibration methodology and the finding that RH + temperature must be included as correction variables","★ First step toward standardized PM sensor calibration","PMS7003 is almost identical to PMS5003 in performance — results directly applicable to your sensor"
"Phosri et al. 2023",2023,"Phosri et al. (Chiang Mai University, Thailand)","Atmosphere (MDPI)",Calibration,PMS7003,"FEM co-location at 3 sites in Thailand","Northern Thailand","15–16 months across seasons","Field measurement at multiple Thai sites","LR, MLR, NLR; seasonal stratification; RH and temperature as correction inputs","R², RMSE, seasonal accuracy per site","Seasonal MLR outperforms single model; R² degrades significantly at RH>80%; 3 location types tested",High,"Seasonal calibration drift; multi-location comparison; RH>80% threshold effect","Cite for seasonal correction strategy and multi-site calibration evidence — directly analogous to your 3-location Kathmandu plan","★ Multi-location + seasonal — closest analog to your study design","Uses PMS7003 at roadside, residential, and elevated sites — exact same 3-location typology as your deployment plan"
"Bulot et al. 2021",2021,"Bulot et al. (multiple European institutions)","Atmosphere (MDPI)",Sensor Evaluation,"PMS5003, Sensirion SPS30, Alphasense OPC-N3","Reference FIDAS 200 + KFG gravimetric filters","Belgium (field)","7 weeks (Aug–Oct 2020)","Field co-location against approved CEN reference","Linear regression; Theil-Sen estimator; intramodel variability analysis; humidity stratified analysis","R², RMSE, MB, intramodel CV, humidity-stratified R²","PMS5003 R²=0.87 vs FIDAS; accuracy drops sharply at RH>80%; gravimetric comparison included",Medium,"Humidity effect on PMS5003 specifically; multi-sensor comparison including gravimetric reference","Cite for humidity degradation evidence and to support your humidity correction approach","Cross-sensor comparison including gravimetric","First paper to compare PMS5003 against gravimetric mass — important for your validation methodology"
"Saminathan & Malathy 2023",2023,"Saminathan, Malathy (India)","Frontiers in Big Data","ML / AQI Classification","Multi-pollutant dataset (PM2.5, PM10, NO2, O3, CO, SO2)","Laptop / cloud (no embedded)","India (dataset)","N/A","Logistic Regression; SVM; Random Forest; XGBoost; MLP; SMOTE balancing; grid search","Accuracy, per-class accuracy, F1 score, confusion matrix","RF + SMOTE achieves best multiclass AQI classification; class imbalance is the primary challenge; XGBoost close second",High,"Multiclass AQI classification using ML; SMOTE for class imbalance; per-class accuracy reporting","Cite for baseline ML comparison and SMOTE technique for handling AQI class imbalance in training data","★ Direct AQI multiclass classification paper — most comparable task to yours","Uses Indian AQI categories (6 classes) — same structure as your Nepal AQI categories; SMOTE will be key for your data too"
"Soyemi & Adeyemi 2022",2022,"Soyemi, Adeyemi (University of Lagos)","Buildings (MDPI)","ML / AQI Forecasting","EarthSense Zephyr sensor","Cloud-based modeling (laptop)","Lagos, Nigeria","6 months at 15-min intervals","University of Lagos rooftop station","ARIMA; Exponential Smoothing; Prophet; Neural Network; Random Forest; SVM; XGBoost; ensemble","RMSE, MAE, MAPE across all 7 methods","Ensemble methods outperform standalone; RF best for nonlinear patterns; Prophet captures seasonality well",Medium,"Algorithm comparison for PM2.5 in developing city context; ensemble superiority","Cite when justifying your choice of ML algorithms and comparing baseline model performance","Developing-city PM2.5 dataset — comparable to Kathmandu context","Lagos context (developing city, high PM2.5) is analogous to Kathmandu; useful framing for your introduction"
"Hayajneh et al. 2023",2023,"Hayajneh et al. (multiple UK/EU institutions)","IET Smart Cities",TinyML / Transfer Learning,"Agricultural IoT sensors","ESP32 + drone-assisted MCU","Smart agriculture field sites","Not specified","Agricultural sensor field data","Transfer learning (TL); TensorFlow Lite; CMSIS-NN; drone-assisted data ferrying for model updates","Accuracy, memory footprint, inference time, energy per inference","TL enables training-free inference on MCUs; competitive accuracy with small memory footprint achievable",Medium,"Transfer learning for MCU deployment; cross-domain model adaptation","Cite in cross-location generalization chapter — TL is a potential technique to adapt your model across Kathmandu locations","Transfer learning framework for ESP32 MCUs","Transfer learning is directly relevant to your cross-location generalization problem — same hardware (ESP32)"
"Hammad et al. 2023",2023,"Hammad, Serrano et al. (Spain)","Internet of Things (Elsevier)","IoT / Edge Anomaly Detection","Urban noise sensors","ESP32-S3","Urban Spain","Not specified","Urban noise IoT sensor network","LSTM autoencoder; TFLite quantization; edge deployment; inference latency benchmarking","Accuracy, latency (ms), RAM (KB), Flash (KB), quantization trade-off","LSTM-based TinyML viable on ESP32-S3; conceptual drift is key long-term challenge; quantization essential for memory",Medium,"LSTM deployment on ESP32; memory/accuracy quantization trade-off quantified","Cite for edge deployment methodology and LSTM quantization trade-off on ESP32","LSTM on ESP32 with full embedded metrics reported","First paper to report full embedded metrics (RAM/Flash/latency) for LSTM on ESP32 — directly reusable methodology for your benchmarking"
"Anon. 2024",2024,"Anonymous (preprint/report)","Preprint","IoT / Edge + TinyML","pH, TDS, turbidity, temperature","ESP32 + Firebase cloud backend + SD card","Not specified","Not specified","Custom neural network (3-class classification); TFLite Micro; SD card dual-mode logging; relay automation","Classification accuracy, real-time response, SD card logging efficiency","Real-time 3-class classification on ESP32; edge inference without cloud dependency; dual-mode SD logging works",Supporting,"Structural parallel: same ESP32 + TFLite Micro pipeline; offline edge classification","Cite as structural reference for ESP32 + TFLite Micro pipeline design for environmental classification","Same pipeline architecture as your system","Useful for system architecture chapter — identical hardware stack; different sensor domain (water not air)"
"Ken et al. 2025",2025,"Ken, Majeed et al. (ICIMR 2024 / Springer)","Lecture Notes in Networks and Systems (Springer)","TinyML / Air Quality","MQ7 CO sensor + built-in temp/pressure","Arduino Nano 33 BLE Sense","China (dataset from India)","N/A (Kaggle dataset)","Kaggle India AQ dataset","Regression with Edge Impulse; sensitivity analysis; MSE; R²","MSE, R², sensitivity (CO, temp, pressure contribution %)","R²=0.95, MSE=0.03; CO is strongest predictor (60% contribution); deployed and running offline on MCU",High,"TinyML for real-time air pollutant prediction on MCU; sensitivity analysis of input features","Cite as recent TinyML AQ benchmark on MCU — confirms feasibility and shows input feature importance methodology","★ Most recent TinyML AQ paper (2024/2025)","Uses Edge Impulse (alternative to your TFLite approach); sensitivity analysis method useful for your feature importance analysis"
"Giordano et al. 2024",2024,"Giordano, Baumann, Crabolu, Fischer, Bellusci, Magno (ETH Zurich / EUROSENSORS)","MDPI Proceedings 2024","TinyML / Air Pollution Prediction","Multi-pollutant air quality sensors","Raspberry Pi Pico (RP2040)","London UK","Not specified","London air quality dataset","Stacking ensemble meta-learning: 2 base models (dense + CNN+dense) + linear regression meta-learner; TFLite conversion (no quantization)","RMSE for NO2 and PM2.5; model file size (bytes)","Stacked model: 14.28% RMSE improvement for PM2.5; base model sizes: 3012 and 5076 bytes on Pico",High,"Stacking ensemble on RP2040 for PM2.5 prediction; tiny model sizes achievable on Pico","★★ MUST CITE — same hardware (RP2040/Pico) same target pollutant (PM2.5); directly comparable to your work","★★ Identical hardware (RP2040) + PM2.5 focus","This is your closest competitor paper — same platform (Pico), same pollutant. Your work differs by adding AQI classification + ESP32 cross-platform comparison"
"Regmi et al. 2023",2023,"Regmi, Poudyal, Pokhrel et al. (Tribhuvan University, Nepal)","Aerosol and Air Quality Research","Kathmandu AQ Monitoring","PurpleAir PA-II (dual PMS5003)","PurpleAir PA-II unit + satellite AOD","Kathmandu Valley, Nepal","Full seasonal cycle (2020 data)","Field measurement at IOE Pulchowk Campus TU","Seasonal analysis; correlation with satellite AOD; bimodal diurnal pattern analysis","PM2.5 seasonal means, diurnal patterns, R² vs AOD","Winter PM2.5 avg 101±26 µg/m³; summer minimum 23 µg/m³; bimodal daily peaks at rush hours",High,"Only published low-cost sensor PM2.5 dataset from Kathmandu Valley — baseline for your field data expectations","★★ MUST CITE — only prior low-cost sensor AQ study in Kathmandu — sets your baseline and contextualizes your field results","★★ Only prior sensor AQ paper from Kathmandu","Critical paper: gives you expected PM2.5 ranges for Kathmandu by season — use to validate your sensor readings make sense; also confirms PMS5003 viability in Nepal context"
"Bhatta et al. 2025",2025,"Bhatta et al. (field calibration study, Nepal — Int. J. Env. Research)","International Journal of Environmental Research","Kathmandu Sensor Calibration","TSI BlueSky (optical PM sensor)","Co-located with GRIMM EDM 180 reference","Kathmandu Valley, Nepal","Multi-month field validation","Field measurements at Kathmandu sites","Inter-comparison; median harmonization; linear regression calibration; R², CV","R², coefficient of variation (CV) between sensors, correlation with GRIMM reference","R²=0.85–0.97 vs GRIMM reference; CV between sensors 2–15%; median harmonization improves coherence",High,"First field calibration study of low-cost sensors specifically in Kathmandu — validates sensor viability in Nepal environment","★★ MUST CITE — only Kathmandu-specific field calibration study; directly validates that low-cost PM sensors work in Nepal conditions","★★ Kathmandu-specific sensor calibration","Published 2025 — very recent; directly relevant to your study location; shows inter-sensor variation typical in Nepal; cite in methodology chapter"
"David et al. 2021",2021,"David, Duke, Jain, Reddi et al. (Google Brain / Harvard)","Proceedings of Machine Learning and Systems (MLSys 2021)","TinyML Framework","N/A (framework paper)","ARM Cortex-M MCUs (generic)","N/A","N/A","N/A (framework design paper)","Interpreter-based inference; cross-platform portability; INT8 quantization; memory arena allocation","Runtime overhead, memory usage, latency vs accuracy trade-off","Low resource requirements confirmed; minimal runtime overhead; cross-platform portability across MCU families",High,"Foundational paper introducing TFLite Micro — the framework your entire thesis is built on","★★ MUST CITE — TensorFlow Lite Micro is your core deployment framework; this is its primary reference paper","★★ Foundational TFLite Micro paper","Every paper using TFLite Micro cites this. You must cite it. The framework design paper explains memory arena allocation you will use on ESP32 and Pico"
